Workbook

Sheet Total Health Spending
A1: state_usa | B1: avg_health_spending | C1: population_estimate | E1: State | F1: Sum of Total Health Spending
A2: California | B2: 250.75 | C2: 39512223 | E2: Alabama | F2: 9.8308859e+08
A3: Texas | B3: 225.75 | C3: 28995881 | E3: Alaska | F3: 2.1964639e+08
A4: New York | B4: 225.75 | C4: 19453561 | E4: Arizona | F4: 1091807550
A5: Pennsylvania | B5: 300 | C5: 12801989 | E5: Arkansas | F5: 528115700
A6: Florida | B6: 175.25 | C6: 21477737 | E6: California | F6: 9.9076899e+09
A7: New Jersey | B7: 350 | C7: 8882190 | E7: Colorado | F7: 1298594968
A8: Illinois | B8: 225.75 | C8: 12671821 | E8: Connecticut | F8: 1069586100
A9: Virginia | B9: 300 | C9: 8535519 | E9: Delaware | F9: 170895582
A10: Massachusetts | B10: 350 | C10: 6892503 | E10: Florida | F10: 3.7639734e+09
A11: Ohio | B11: 200.25 | C11: 11689100 | E11: Georgia | F11: 2123484600
A12: Michigan | B12: 225.5 | C12: 9986857 | E12: Hawaii | F12: 495555200
A13: Georgia | B13: 200 | C13: 10617423 | E13: Idaho | F13: 2.2427666e+08
... A51: Wyoming | B51: 125.5 | C51: 578759 | E51: Wyoming | F51: 72634254
E52: Grand Total | F52: 3.5338438e+12

Sheet Top 10 Health Spending
A1: state_usa | B1: avg_health_spending | C1: min_health_spending | D1: max_health_spending
A2: Hawaii | B2: 350 | C2: 200 | D2: 800
A3: Massachusetts | B3: 350 | C3: 200 | D3: 800
A4: New Jersey | B4: 350 | C4: 200 | D4: 800
A5: Rhode Island | B5: 350 | C5: 200 | D5: 800
A6: Alaska | B6: 300.25 | C6: 100 | D6: 750
A7: Connecticut | B7: 300 | C7: 150 | D7: 700
A8: Maryland | B8: 300 | C8: 150 | D8: 700
A9: New Hampshire | B9: 300 | C9: 150 | D9: 700
A10: Pennsylvania | B10: 300 | C10: 150 | D10: 700
A11: Virginia | B11: 300 | C11: 150 | D11: 700
A12: California | B12: 250.75 | C12: 50 | D12: 600
A13: Nevada | B13: 250.75 | C13: 50 | D13: 600
... A51: Wyoming | B51: 125.5 | C51: 50 | D51: 300

Sheet Property and Profit
A1: state_usa | B1: avg_property_price | C1: min_property_price | D1: max_property_price | E1: avg_comp_profit
A2: Alabama | B2: 1797.5 | C2: 1200 | D2: 2500 | E2: 1138459.4
A3: Alaska | B3: 2684 | C3: 2000 | D3: 3500 | E3: 1969126.6
A4: Arizona | B4: 2356.75 | C4: 1500 | D4: 4000 | E4: 2942283
A5: Arkansas | B5: 1499.25 | C5: 1000 | D5: 2500 | E5: 743958.99
A6: California | B6: 5832.5 | C6: 3500 | D6: 9000 | E6: 398315.7
A7: Colorado | B7: 2987.25 | C7: 2000 | D7: 4500 | E7: 1225371.3
A8: Connecticut | B8: 3837 | C8: 3000 | D8: 5500 | E8: 1934226.2
A9: Delaware | B9: 2289.75 | C9: 1500 | D9: 3500 | E9: 2265219
A10: Florida | B10: 2763.5 | C10: 1500 | D10: 5000 | E10: 398984.51
A11: Georgia | B11: 2065 | C11: 1200 | D11: 3500 | E11: 1193045.6
A12: Hawaii | B12: 5975.5 | C12: 4500 | D12: 7500 | E12: 1555451.7
A13: Idaho | B13: 1382 | C13: 800 | D13: 2500 | E13: 1459144.8
... A42: Wyoming | B42: 1968.25 | C42: 1200 | D42: 3500 | E42: 1671054

Sheet Health Spending and Income
A1: state_usa | B1: average_income | C1: minimum_income | D1: maximum_income | E1: avg_health_spending | F1: min_health_spending | G1: max_health_spending
A2: Alabama | B2: 51113 | C2: 23999 | D2: 96993 | E2: =VLOOKUP($A2, 'Top 10 Health Spending'!$A$1:$D$51, 2, FALSE) -> 200.5 | F2: =VLOOKUP($A2, 'Top 10 Health Spending'!$A$1:$D$51, 3, FALSE) -> 50 | G2: =VLOOKUP($A2, 'Top 10 Health Spending'!$A$1:$D$51, 4, FALSE) -> 500
A3: Alaska | B3: 76440 | C3: 35219 | D3: 134318 | E3: =VLOOKUP($A3, 'Top 10 Health Spending'!$A$1:$D$51, 2, FALSE) -> 300.25 | F3: =VLOOKUP($A3, 'Top 10 Health Spending'!$A$1:$D$51, 3, FALSE) -> 100 | G3: =VLOOKUP($A3, 'Top 10 Health Spending'!$A$1:$D$51, 4, FALSE) -> 750
A4: Arizona | B4: 62283 | C4: 29466 | D4: 113589 | E4: =VLOOKUP($A4, 'Top 10 Health Spending'!$A$1:$D$51, 2, FALSE) -> 150 | F4: =VLOOKUP($A4, 'Top 10 Health Spending'!$A$1:$D$51, 3, FALSE) -> 25 | G4: =VLOOKUP($A4, 'Top 10 Health Spending'!$A$1:$D$51, 4, FALSE) -> 300
A5: Arkansas | B5: 48829 | C5: 23028 | D5: 90052 | E5: =VLOOKUP($A5, 'Top 10 Health Spending'!$A$1:$D$51, 2, FALSE) -> 175 | F5: =VLOOKUP($A5, 'Top 10 Health Spending'!$A$1:$D$51, 3, FALSE) -> 75 | G5: =VLOOKUP($A5, 'Top 10 Health Spending'!$A$1:$D$51, 4, FALSE) -> 400
A6: California | B6: 80440 | C6: 37698 | D6: 149265 | E6: =VLOOKUP($A6, 'Top 10 Health Spending'!$A$1:$D$51, 2, FALSE) -> 250.75 | F6: =VLOOKUP($A6, 'Top 10 Health Spending'!$A$1:$D$51, 3, FALSE) -> 50 | G6: =VLOOKUP($A6, 'Top 10 Health Spending'!$A$1:$D$51, 4, FALSE) -> 600
A7: Colorado | B7: 76240 | C7: 35636 | D7: 130714 | E7: =VLOOKUP($A7, 'Top 10 Health Spending'!$A$1:$D$51, 2, FALSE) -> 225.5 | F7: =VLOOKUP($A7, 'Top 10 Health Spending'!$A$1:$D$51, 3, FALSE) -> 100 | G7: =VLOOKUP($A7, 'Top 10 Health Spending'!$A$1:$D$51, 4, FALSE) -> 500
A8: Connecticut | B8: 79287 | C8: 37426 | D8: 142596 | E8: =VLOOKUP($A8, 'Top 10 Health Spending'!$A$1:$D$51, 2, FALSE) -> 300 | F8: =VLOOKUP($A8, 'Top 10 Health Spending'!$A$1:$D$51, 3, FALSE) -> 150 | G8: =VLOOKUP($A8, 'Top 10 Health Spending'!$A$1:$D$51, 4, FALSE) -> 700
A9: Delaware | B9: 64040 | C9: 30544 | D9: 120324 | E9: =VLOOKUP($A9, 'Top 10 Health Spending'!$A$1:$D$51, 2, FALSE) -> 175.5 | F9: =VLOOKUP($A9, 'Top 10 Health Spending'!$A$1:$D$51, 3, FALSE) -> 75 | G9: =VLOOKUP($A9, 'Top 10 Health Spending'!$A$1:$D$51, 4, FALSE) -> 350
A10: Florida | B10: 58108 | C10: 27064 | D10: 105773 | E10: =VLOOKUP($A10, 'Top 10 Health Spending'!$A$1:$D$51, 2, FALSE) -> 175.25 | F10: =VLOOKUP($A10, 'Top 10 Health Spending'!$A$1:$D$51, 3, FALSE) -> 50 | G10: =VLOOKUP($A10, 'Top 10 Health Spending'!$A$1:$D$51, 4, FALSE) -> 400
A11: Georgia | B11: 58932 | C11: 27609 | D11: 112609 | E11: =VLOOKUP($A11, 'Top 10 Health Spending'!$A$1:$D$51, 2, FALSE) -> 200 | F11: =VLOOKUP($A11, 'Top 10 Health Spending'!$A$1:$D$51, 3, FALSE) -> 75 | G11: =VLOOKUP($A11, 'Top 10 Health Spending'!$A$1:$D$51, 4, FALSE) -> 450
A12: Hawaii | B12: 78084 | C12: 36987 | D12: 130299 | E12: =VLOOKUP($A12, 'Top 10 Health Spending'!$A$1:$D$51, 2, FALSE) -> 350 | F12: =VLOOKUP($A12, 'Top 10 Health Spending'!$A$1:$D$51, 3, FALSE) -> 200 | G12: =VLOOKUP($A12, 'Top 10 Health Spending'!$A$1:$D$51, 4, FALSE) -> 800
A13: Idaho | B13: 53545 | C13: 25119 | D13: 92625 | E13: =VLOOKUP($A13, 'Top 10 Health Spending'!$A$1:$D$51, 2, FALSE) -> 125.5 | F13: =VLOOKUP($A13, 'Top 10 Health Spending'!$A$1:$D$51, 3, FALSE) -> 50 | G13: =VLOOKUP($A13, 'Top 10 Health Spending'!$A$1:$D$51, 4, FALSE) -> 300
... A51: Wyoming | B51: 60434 | C51: 28973 | D51: 104732 | E51: =VLOOKUP($A51, 'Top 10 Health Spending'!$A$1:$D$51, 2, FALSE) -> 125.5 | F51: =VLOOKUP($A51, 'Top 10 Health Spending'!$A$1:$D$51, 3, FALSE) -> 50 | G51: =VLOOKUP($A51, 'Top 10 Health Spending'!$A$1:$D$51, 4, FALSE) -> 300
